{
  "БФУ им. И.Канта, Невского 14, Калининград": [
    54.72472921391151,
    20.527400703433962
  ],
  "Soul Garden, Верхнеозерная 2а, Калининград": [
    54.730054,
    20.519067
  ],
  "СКЛАД, Ялтинская 20п, Калининград": [
    54.705610184328,
    20.544408541426
  ]
}